JOB_TITLE,AVG(salary)
Accountant,7928
Accounting Manager,12013
Administration Assistant,4416
Administration Vice President,17013
Finance Manager,12046
Human Resources Representative,6531
Marketing Manager,13044
Marketing Representative,6016
President,24039
Programmer,5802
Public Accountant,8313
Public Relations Representative,10009
Purchasing Clerk,2787
Purchasing Manager,11029
Sales Manager,12213
Sales Representative,8395
Shipping Clerk,3244
Stock Clerk,2787
Stock Manager,7281
