password,author_tutor_ATB
e96c0bcbbbb14747747a56ff4c17354f343a5b4f,826
c40fa148bdd0d2d45cd6e9ec1e685750fe07f81b,363
4f149f75ecd84afcdf27343509cdd03d81edb119,239
cdaf6c3483f19e2253659a40a3aab786a3390f78,386
b517a107b5f08fafe9628e88e7263a6f3a4a55c0,161
120ac8a5744f5b710ecaebbd8dd1633e3e33886e,881
4d8e909ae9b8888c93a2c5f1eccbd0c4ac6a01c3,546
d34378200c9b5f72d3039fa640e7920aaec0fdf2,805
02d64f11de97436343a0beba41bfcf69af61be1e,566
3e2f7bf1e6acf0d616a8703ee0050fba13bc007f,888
6b9979a83b4a9e03ead034c8de47f1b013a3d3af,659
24b0ee84063c3b017ab1839e01b7280f47f7c7c2,985
6d587cec8006e3a40565e1dad2c5b5b12b475b8f,1016
a48e25a58b3088e9cfdaca61130555ed2c772452,894
2c196efe8aee23a1b9a7e752fe63029c5879af6f,425
