JOB_TITLE,AVG(salary)
Purchasing Clerk,2808
Stock Clerk,2806
Shipping Clerk,3240
Administration Assistant,4448
Programmer,5776
Marketing Representative,6030
Human Resources Representative,6513
Stock Manager,7313
Accountant,7926
Public Accountant,8321
Sales Representative,8390
Public Relations Representative,10003
Purchasing Manager,11002
Accounting Manager,12026
Finance Manager,12028
Sales Manager,12228
Marketing Manager,13043
Administration Vice President,17032
President,24036
