JOB_TITLE,AVG(salary)
Stock Manager,7293
Stock Clerk,2824
Shipping Clerk,3228
Sales Representative,8392
Sales Manager,12238
Purchasing Manager,11049
Purchasing Clerk,2801
Public Relations Representative,10008
Public Accountant,8339
Programmer,5776
President,24023
Marketing Representative,6001
Marketing Manager,13003
Human Resources Representative,6535
Finance Manager,12023
Administration Vice President,17042
Administration Assistant,4404
Accounting Manager,12049
Accountant,7962
